INSERT INTO public.user (id, username) VALUES (DEFAULT, 'Linda');
INSERT INTO public.user (id, username) VALUES (DEFAULT, 'Liina');
INSERT INTO public.user (id, username) VALUES (DEFAULT, 'Birgit');
INSERT INTO public.user (id, username) VALUES (DEFAULT, 'Elerin');
INSERT INTO public.user (id, username) VALUES (DEFAULT, 'Egle');
INSERT INTO public.user (id, username) VALUES (DEFAULT, 'Kriste');
INSERT INTO public.user (id, username) VALUES (DEFAULT, 'Maris');
INSERT INTO public.user (id, username) VALUES (DEFAULT, 'Kelin');
INSERT INTO public.user (id, username) VALUES (DEFAULT, 'Riti');
INSERT INTO public.user (id, username) VALUES (DEFAULT, 'Eva');
INSERT INTO public.user (id, username) VALUES (DEFAULT, 'Tiiu');
INSERT INTO public.user (id, username) VALUES (DEFAULT, 'admin');
;
INSERT INTO public.contact (id, firstname, lastname, email, telephone, birth_date, address, user_id) VALUES (DEFAULT, 'Linda', 'Laululind', 'linda@mail.ee', '+372 55232343', '1990-03-15', 'Saare 4, Tallinn', 1);
INSERT INTO public.contact (id, firstname, lastname, email, telephone, birth_date, address, user_id) VALUES (DEFAULT, 'Liina', 'Viirsalu', 'liina@gmail.com', '+372 506789098', '1998-07-14', 'Pronksi 56, Tallinn', 2);
INSERT INTO public.contact (id, firstname, lastname, email, telephone, birth_date, address, user_id) VALUES (DEFAULT, 'Birgit', 'Parma', 'Birgit@hotmail.com', '+372 55002343', '1997-06-11', 'Marja 14-23, Tallinn', 3);
INSERT INTO public.contact (id, firstname, lastname, email, telephone, birth_date, address, user_id) VALUES (DEFAULT, 'Elerin', 'Luha', 'Elerin@hot.ee', '+372 55782343', '1996-04-18', 'Pihlaka 1, Tallinn', 4);
INSERT INTO public.contact (id, firstname, lastname, email, telephone, birth_date, address, user_id) VALUES (DEFAULT, 'Egle', 'Ajaots', 'Egle@online.ee', '+372 55232341', '1995-07-03', 'Kuldnoka 12, Viimsi vald, Harju mk', 5);
INSERT INTO public.contact (id, firstname, lastname, email, telephone, birth_date, address, user_id) VALUES (DEFAULT, 'Kriste', 'Maja', 'Kriste@mail.ee', '+372 55232343', '1999-08-23', 'Mustamäe tee 123-23, Tallinn', 6);
INSERT INTO public.contact (id, firstname, lastname, email, telephone, birth_date, address, user_id) VALUES (DEFAULT, 'Maris', 'Saare', 'Maris@mail.ee', '+372 55789343', '1998-09-01', 'Sinilille 12-1, Tallinn', 7);
INSERT INTO public.contact (id, firstname, lastname, email, telephone, birth_date, address, user_id) VALUES (DEFAULT, 'Kelin', 'Piusa', 'Kelin@gmail.com', '+372 55123343', '1998-04-10', 'Majaka põik 2, Tallinn', 8);
INSERT INTO public.contact (id, firstname, lastname, email, telephone, birth_date, address, user_id) VALUES (DEFAULT, 'Riti', 'Karu', 'Riti@mail.ee', '+372 50098343', '1997-12-01', 'Pargi tee 34, Tallinn', 9);
INSERT INTO public.contact (id, firstname, lastname, email, telephone, birth_date, address, user_id) VALUES (DEFAULT, 'Eva', 'Madis', 'Eva@eva.ee', '+372 5108743', '1996-02-06', 'Lauliku 12, Tallinn', 10);
INSERT INTO public.contact (id, firstname, lastname, email, telephone, birth_date, address, user_id) VALUES (DEFAULT, 'Tiiu', 'Tiisvelt', 'Tiiu@mail.ee', '+372 5223223', '1995-05-11', 'Muuseumi 1, Tallinn', 11);
INSERT INTO public.contact (id, firstname, lastname, email, telephone, birth_date, address, user_id) VALUES (DEFAULT, 'Admin', '1', 'admin@admin.ee', '+372 5223113', '2022-02-15', 'Gümnaasium 1', 12);

INSERT INTO public.group (id, group_name) VALUES (1, 'Sukad ja Tagi');
INSERT INTO public.group (id, group_name) VALUES (2, 'Jüri Marid');
INSERT INTO public.group (id, group_name) VALUES (3, 'Lustilised');
INSERT INTO public.group (id, group_name) VALUES (4, 'Joondu segarühm');
INSERT INTO public.group (id, group_name) VALUES (5, 'Joondu 6.-9. klass');

INSERT INTO public.role_type (id, name) VALUES (1, 'Juhendaja');
INSERT INTO public.role_type (id, name) VALUES (2, 'Tantsija');
INSERT INTO public.role_type (id, name) VALUES (3, 'Muu kasutaja');
INSERT INTO public.role_type (id, name) VALUES (4, 'Rhvrte vastutav');
INSERT INTO public.role_type (id, name) VALUES (5, 'Admin');

INSERT INTO public.role_in_group (id, role_type_id, group_id, user_id) VALUES (DEFAULT, 1, 2, 1);
INSERT INTO public.role_in_group (id, role_type_id, group_id, user_id) VALUES (DEFAULT, 2, 2, 2);
INSERT INTO public.role_in_group (id, role_type_id, group_id, user_id) VALUES (DEFAULT, 2, 2, 3);
INSERT INTO public.role_in_group (id, role_type_id, group_id, user_id) VALUES (DEFAULT, 2, 2, 4);
INSERT INTO public.role_in_group (id, role_type_id, group_id, user_id) VALUES (DEFAULT, 2, 2, 5);
INSERT INTO public.role_in_group (id, role_type_id, group_id, user_id) VALUES (DEFAULT, 2, 2, 6);
INSERT INTO public.role_in_group (id, role_type_id, group_id, user_id) VALUES (DEFAULT, 2, 2, 7);
INSERT INTO public.role_in_group (id, role_type_id, group_id, user_id) VALUES (DEFAULT, 2, 1, 8);
INSERT INTO public.role_in_group (id, role_type_id, group_id, user_id) VALUES (DEFAULT, 2, 1, 9);
INSERT INTO public.role_in_group (id, role_type_id, group_id, user_id) VALUES (DEFAULT, 2, 1, 10);
INSERT INTO public.role_in_group (id, role_type_id, group_id, user_id) VALUES (DEFAULT, 3, 1, 11);
INSERT INTO public.role_in_group (id, role_type_id, group_id, user_id) VALUES (DEFAULT, 4, 1, 1);
INSERT INTO public.role_in_group (id, role_type_id, group_id, user_id) VALUES (DEFAULT, 5, 1, 5);